cluster_id,cluster_name,total,svd_anomalies,svd_rate_pct,svd_threshold,iforest_anomalies,iforest_rate_pct,iforest_threshold,autoencoder_anomalies,autoencoder_rate_pct,autoencoder_threshold,ensemble_anomalies,ensemble_rate_pct
0,Mode_0_AtRest_Loaded,8906,446,5.01,0.03811615249516477,446,5.01,0.5470188944994812,446,5.01,0.024512106277899962,309,3.47
1,Mode_1_HighSpeed,19036,952,5.0,0.09213370221653905,952,5.0,0.5660627591442684,952,5.0,0.00567740993820015,809,4.25
2,Mode_2_MediumSpeed,6750,338,5.01,0.24397154758096237,338,5.01,0.5664192826584671,338,5.01,0.011320568305734623,218,3.23
3,Mode_3_AtRest_Unloaded,8570,429,5.01,0.01872901446590143,429,5.01,0.5531208520260902,429,5.01,0.003191719497012652,387,4.52
